{"cameraMode":{"drawMode":0,"name":"Shaded","section":"Shading Mode"},"sceneLighting":true,"audioPlay":false,"sceneViewState":{"showFog":true,"showMaterialUpdate":false,"showSkybox":true,"showFlares":true,"showImageEffects":true,"showParticleSystems":true},"in2DMode":false,"pivot":{"x":14.57436752319336,"y":-3.0625,"z":166.43365478515626},"rotation":{"x":0.7070940732955933,"y":0.004242615774273872,"z":-0.004242615774273872,"w":0.7070940732955933},"size":50.06501388549805,"orthographic":true}