{"cameraMode":{"drawMode":0,"name":"Shaded","section":"Shading Mode"},"sceneLighting":false,"audioPlay":false,"sceneViewState":{"showFog":true,"showMaterialUpdate":false,"showSkybox":false,"showFlares":true,"showImageEffects":true,"showParticleSystems":true},"in2DMode":false,"pivot":{"x":-0.11071650683879852,"y":0.7990349531173706,"z":-0.508109450340271},"rotation":{"x":-0.02075369842350483,"y":0.9752017855644226,"z":-0.19413216412067414,"w":-0.10425354540348053},"size":2.256944179534912,"orthographic":false}