{"cameraMode":{"drawMode":0,"name":"Shaded","section":"Shading Mode"},"sceneLighting":false,"audioPlay":false,"sceneViewState":{"showFog":true,"showMaterialUpdate":false,"showSkybox":false,"showFlares":true,"showImageEffects":true,"showParticleSystems":true},"in2DMode":false,"pivot":{"x":-2.384185791015625e-7,"y":1.3441722393035889,"z":-0.2800217270851135},"rotation":{"x":-0.09539076685905457,"y":0.8760925531387329,"z":-0.1938973069190979,"w":-0.43100687861442568},"size":2.0360348224639894,"orthographic":false}