{"cameraMode":{"drawMode":0,"name":"Shaded","section":"Shading Mode"},"sceneLighting":true,"audioPlay":false,"sceneViewState":{"showFog":false,"showMaterialUpdate":true,"showSkybox":true,"showFlares":true,"showImageEffects":true,"showParticleSystems":true},"in2DMode":false,"pivot":{"x":57.09770965576172,"y":33.90473937988281,"z":168.83056640625},"rotation":{"x":0.12173257768154144,"y":0.8743382692337036,"z":-0.2849021852016449,"w":0.3735828995704651},"size":79.13304138183594,"orthographic":false}