{"cameraMode":{"drawMode":0,"name":"Shaded","section":"Shading Mode"},"sceneLighting":true,"audioPlay":false,"sceneViewState":{"showFog":false,"showMaterialUpdate":true,"showSkybox":true,"showFlares":true,"showImageEffects":true,"showParticleSystems":true},"in2DMode":false,"pivot":{"x":27.964889526367189,"y":60.53709030151367,"z":389.1732177734375},"rotation":{"x":0.19699911773204804,"y":0.2284943163394928,"z":-0.04726819321513176,"w":0.9522449374198914},"size":79.13304138183594,"orthographic":false}